file_name;time;battery;connection;service
0140_009.2B.jpg;4.73;100;none;mobile
0140_009.2B.jpg;4.791;100;none;mobile
0140_009.2B.jpg;4.731;100;none;mobile
0140_009.2B.jpg;4.793;100;none;mobile
0140_009.2B.jpg;4.767;100;none;mobile
0140_009.2B.jpg;4.874;100;none;mobile
0140_009.2B.jpg;4.669;100;none;mobile
0140_009.2B.jpg;4.437;100;none;mobile
0140_009.2B.jpg;4.713;100;none;mobile
0140_009.2B.jpg;4.592;100;none;mobile
0140_009.2B.jpg;4.361;100;none;mobile
0140_009.2B.jpg;4.829;100;none;mobile
0140_009.2B.jpg;4.764;100;none;mobile
0140_009.2B.jpg;4.728;100;none;mobile
0140_009.2B.jpg;4.819;100;none;mobile
0140_009.2B.jpg;4.715;100;none;mobile
0140_009.2B.jpg;4.41;100;none;mobile
0140_009.2B.jpg;4.807;100;none;mobile
0140_009.2B.jpg;4.789;100;none;mobile
0140_009.2B.jpg;4.819;100;none;mobile
0140_009.2B.jpg;4.717;100;none;mobile
0140_009.2B.jpg;4.783;100;none;mobile
0140_009.2B.jpg;4.922;100;none;mobile
0140_009.2B.jpg;4.78;100;none;mobile
0140_009.2B.jpg;4.79;100;none;mobile
0140_009.2B.jpg;4.768;100;none;mobile
0140_009.2B.jpg;4.744;100;none;mobile
0140_009.2B.jpg;4.735;100;none;mobile
0140_009.2B.jpg;4.796;100;none;mobile
0140_009.2B.jpg;4.747;100;none;mobile
0140_009.2B.jpg;4.77;100;none;mobile
0140_009.2B.jpg;4.806;100;none;mobile
0140_009.2B.jpg;4.669;100;none;mobile
0140_009.2B.jpg;4.491;100;none;mobile
0140_009.2B.jpg;5.396;100;none;mobile
0140_009.2B.jpg;6.954;100;none;mobile
0140_009.2B.jpg;4.457;100;none;mobile
0140_009.2B.jpg;4.541;100;none;mobile
0140_009.2B.jpg;4.507;100;none;mobile
0140_009.2B.jpg;4.55;100;none;mobile
0140_009.2B.jpg;4.86;100;none;mobile
0140_009.2B.jpg;4.74;100;none;mobile
0140_009.2B.jpg;4.794;100;none;mobile
0140_009.2B.jpg;4.763;100;none;mobile
0140_009.2B.jpg;4.909;100;none;mobile
0140_009.2B.jpg;4.822;100;none;mobile
0140_009.2B.jpg;4.771;100;none;mobile
0140_009.2B.jpg;4.755;100;none;mobile
0140_009.2B.jpg;4.853;100;none;mobile
0140_009.2B.jpg;4.747;100;none;mobile
0140_009.2B.jpg;4.717;100;none;mobile
0140_009.2B.jpg;4.716;100;none;mobile
0140_009.2B.jpg;4.732;100;none;mobile
0140_009.2B.jpg;4.681;100;none;mobile
0140_009.2B.jpg;4.744;100;none;mobile
0140_009.2B.jpg;4.704;100;none;mobile
0140_009.2B.jpg;4.728;100;none;mobile
0140_009.2B.jpg;4.778;100;none;mobile
0140_009.2B.jpg;4.815;100;none;mobile
0140_009.2B.jpg;4.716;100;none;mobile
0140_009.2B.jpg;4.818;100;none;mobile
0140_009.2B.jpg;4.789;100;none;mobile
0140_009.2B.jpg;4.759;100;none;mobile
0140_009.2B.jpg;4.696;99;none;mobile
5380_015.2B.jpg;4.78;99;none;mobile
5380_015.2B.jpg;4.829;99;none;mobile
5380_015.2B.jpg;4.767;99;none;mobile
5380_015.2B.jpg;5.032;99;none;mobile
5380_015.2B.jpg;4.874;99;none;mobile
5380_015.2B.jpg;4.868;99;none;mobile
5380_015.2B.jpg;4.851;99;none;mobile
5380_015.2B.jpg;4.835;99;none;mobile
5380_015.2B.jpg;4.809;99;none;mobile
5380_015.2B.jpg;4.916;99;none;mobile
5380_015.2B.jpg;4.838;99;none;mobile
5380_015.2B.jpg;4.861;99;none;mobile
5380_015.2B.jpg;4.792;99;none;mobile
5380_015.2B.jpg;4.852;99;none;mobile
5380_015.2B.jpg;4.756;99;none;mobile
5380_015.2B.jpg;4.72;99;none;mobile
5380_015.2B.jpg;4.496;99;none;mobile
5380_015.2B.jpg;4.871;99;none;mobile
5380_015.2B.jpg;4.934;99;none;mobile
5380_015.2B.jpg;4.825;99;none;mobile
5380_015.2B.jpg;4.893;99;none;mobile
5380_015.2B.jpg;4.878;99;none;mobile
5380_015.2B.jpg;4.87;99;none;mobile
5380_015.2B.jpg;4.857;99;none;mobile
5380_015.2B.jpg;4.874;99;none;mobile
5380_015.2B.jpg;4.881;99;none;mobile
5380_015.2B.jpg;4.918;99;none;mobile
5380_015.2B.jpg;4.857;99;none;mobile
5380_015.2B.jpg;4.798;99;none;mobile
5380_015.2B.jpg;4.817;99;none;mobile
5380_015.2B.jpg;4.927;98;none;mobile
5954_078.2B.jpg;4.268;98;none;mobile
5954_078.2B.jpg;4.367;98;none;mobile
5954_078.2B.jpg;4.344;98;none;mobile
5954_078.2B.jpg;4.274;98;none;mobile
5954_078.2B.jpg;4.285;98;none;mobile
5954_078.2B.jpg;4.336;98;none;mobile
5954_078.2B.jpg;4.271;98;none;mobile
5954_078.2B.jpg;4.315;98;none;mobile
5954_078.2B.jpg;4.29;98;none;mobile
5954_078.2B.jpg;4.33;98;none;mobile
5954_078.2B.jpg;4.307;98;none;mobile
5954_078.2B.jpg;4.275;98;none;mobile
5954_078.2B.jpg;4.33;98;none;mobile
5954_078.2B.jpg;4.319;98;none;mobile
5954_078.2B.jpg;4.313;98;none;mobile
5954_078.2B.jpg;4.299;98;none;mobile
5954_078.2B.jpg;4.314;98;none;mobile
5954_078.2B.jpg;4.348;98;none;mobile
5954_078.2B.jpg;4.283;98;none;mobile
5954_078.2B.jpg;4.293;98;none;mobile
5954_078.2B.jpg;4.405;98;none;mobile
5954_078.2B.jpg;4.346;98;none;mobile
5954_078.2B.jpg;4.318;98;none;mobile
5954_078.2B.jpg;4.323;98;none;mobile
5954_078.2B.jpg;4.316;98;none;mobile
5954_078.2B.jpg;4.35;98;none;mobile
5954_078.2B.jpg;4.348;98;none;mobile
5954_078.2B.jpg;4.352;98;none;mobile
5954_078.2B.jpg;4.326;98;none;mobile
5954_078.2B.jpg;4.289;98;none;mobile
5954_078.2B.jpg;4.276;98;none;mobile
5954_078.2B.jpg;4.35;98;none;mobile
5954_078.2B.jpg;4.379;98;none;mobile
5954_078.2B.jpg;4.374;98;none;mobile
5954_078.2B.jpg;4.288;97;none;mobile
8319_112.3A.jpg;35.047;97;none;mobile
8319_112.3A.jpg;34.051;97;none;mobile
8319_112.3A.jpg;35.742;97;none;mobile
8319_112.3A.jpg;36.025;97;none;mobile
8319_112.3A.jpg;35.647;96;none;mobile
1208_004.2B.jpg;49.623;96;none;mobile
1208_004.2B.jpg;50.078;96;none;mobile
1208_004.2B.jpg;49.821;95;none;mobile
1208_004.2B.jpg;50.582;94;none;mobile
1208_004.2B.jpg;49.973;93;none;mobile
0730_087.2B.jpg;2.783;93;none;mobile
0730_087.2B.jpg;2.675;93;none;mobile
0730_087.2B.jpg;2.654;93;none;mobile
0730_087.2B.jpg;2.731;93;none;mobile
0730_087.2B.jpg;2.698;93;none;mobile
0730_087.2B.jpg;2.676;93;none;mobile
0730_087.2B.jpg;2.691;93;none;mobile
0730_087.2B.jpg;2.739;93;none;mobile
0730_087.2B.jpg;2.694;93;none;mobile
0730_087.2B.jpg;2.737;93;none;mobile
0730_087.2B.jpg;2.675;93;none;mobile
0730_087.2B.jpg;2.697;93;none;mobile
0730_087.2B.jpg;2.658;93;none;mobile
0730_087.2B.jpg;2.706;93;none;mobile
0730_087.2B.jpg;2.681;93;none;mobile
0730_087.2B.jpg;2.691;93;none;mobile
0730_087.2B.jpg;2.669;93;none;mobile
0730_087.2B.jpg;2.696;93;none;mobile
0730_087.2B.jpg;2.696;92;none;mobile
8361_068.3A.jpg;75.286;91;none;mobile
8361_068.3A.jpg;74.302;91;none;mobile
8361_068.3A.jpg;74.995;90;none;mobile
8361_068.3A.jpg;74.909;89;none;mobile
8361_068.3A.jpg;75.211;89;none;mobile
8306_150.3A.jpg;81.559;88;none;mobile
8306_150.3A.jpg;81.152;88;none;mobile
8306_150.3A.jpg;80.383;87;none;mobile
8306_150.3A.jpg;79.132;86;none;mobile
8306_150.3A.jpg;80.239;86;none;mobile
8230_022.2B.jpg;209.258;84;none;mobile
8230_022.2B.jpg;213.328;80;none;mobile
8230_022.2B.jpg;210.954;78;none;mobile
8230_022.2B.jpg;212.643;76;none;mobile
8230_022.2B.jpg;221.023;74;none;mobile
8336_057.3A.jpg;50.707;73;none;mobile
8336_057.3A.jpg;49.925;73;none;mobile
8336_057.3A.jpg;50.117;72;none;mobile
8336_057.3A.jpg;51.454;72;none;mobile
8336_057.3A.jpg;50.563;71;none;mobile
8329_110.3A.jpg;26.779;71;none;mobile
8329_110.3A.jpg;26.963;71;none;mobile
8329_110.3A.jpg;27.076;71;none;mobile
8329_110.3A.jpg;27.002;70;none;mobile
8329_110.3A.jpg;27.158;70;none;mobile
0667_005.2B.jpg;2.549;70;none;mobile
0667_005.2B.jpg;2.551;70;none;mobile
0667_005.2B.jpg;2.5;70;none;mobile
0667_005.2B.jpg;2.508;70;none;mobile
0667_005.2B.jpg;2.651;70;none;mobile
0667_005.2B.jpg;2.524;70;none;mobile
0667_005.2B.jpg;2.536;70;none;mobile
0667_005.2B.jpg;2.538;70;none;mobile
0667_005.2B.jpg;2.505;70;none;mobile
0667_005.2B.jpg;2.542;70;none;mobile
0667_005.2B.jpg;2.552;70;none;mobile
0667_005.2B.jpg;2.587;70;none;mobile
0667_005.2B.jpg;2.468;70;none;mobile
0667_005.2B.jpg;2.523;70;none;mobile
0667_005.2B.jpg;2.55;70;none;mobile
0667_005.2B.jpg;2.491;70;none;mobile
0667_005.2B.jpg;2.523;70;none;mobile
0667_005.2B.jpg;2.591;70;none;mobile
0667_005.2B.jpg;2.509;70;none;mobile
0667_005.2B.jpg;2.542;70;none;mobile
0667_005.2B.jpg;2.562;70;none;mobile
0667_005.2B.jpg;2.522;70;none;mobile
0667_005.2B.jpg;2.525;70;none;mobile
0667_005.2B.jpg;2.516;70;none;mobile
0667_005.2B.jpg;2.539;70;none;mobile
0667_005.2B.jpg;2.484;70;none;mobile
0667_005.2B.jpg;2.565;70;none;mobile
0667_005.2B.jpg;2.575;70;none;mobile
0667_005.2B.jpg;2.611;69;none;mobile
8341_019.3A.jpg;41.508;69;none;mobile
8341_019.3A.jpg;41.529;69;none;mobile
8341_019.3A.jpg;41.946;68;none;mobile
8341_019.3A.jpg;42.083;68;none;mobile
8341_019.3A.jpg;41.659;68;none;mobile
8327_147.3A.jpg;9.84;68;none;mobile
8327_147.3A.jpg;9.638;67;none;mobile
8327_147.3A.jpg;9.576;67;none;mobile
8327_147.3A.jpg;9.543;67;none;mobile
8327_147.3A.jpg;9.438;67;none;mobile
1818_005.2B.jpg;3.786;67;none;mobile
1818_005.2B.jpg;3.686;67;none;mobile
1818_005.2B.jpg;3.649;67;none;mobile
1818_005.2B.jpg;3.756;67;none;mobile
1818_005.2B.jpg;3.732;67;none;mobile
1818_005.2B.jpg;3.837;67;none;mobile
1818_005.2B.jpg;3.752;67;none;mobile
1818_005.2B.jpg;3.766;67;none;mobile
1818_005.2B.jpg;3.659;67;none;mobile
1818_005.2B.jpg;3.743;67;none;mobile
1818_005.2B.jpg;3.719;67;none;mobile
1818_005.2B.jpg;3.655;67;none;mobile
1818_005.2B.jpg;3.774;67;none;mobile
1818_005.2B.jpg;3.724;67;none;mobile
1818_005.2B.jpg;3.728;67;none;mobile
1818_005.2B.jpg;3.686;67;none;mobile
1818_005.2B.jpg;3.734;67;none;mobile
1818_005.2B.jpg;3.682;67;none;mobile
1818_005.2B.jpg;3.757;67;none;mobile
1818_005.2B.jpg;3.732;67;none;mobile
1818_005.2B.jpg;3.784;67;none;mobile
1818_005.2B.jpg;3.665;67;none;mobile
1818_005.2B.jpg;3.637;67;none;mobile
1818_005.2B.jpg;3.692;67;none;mobile
1818_005.2B.jpg;3.6;67;none;mobile
1818_005.2B.jpg;3.682;66;none;mobile
5715_135.2B.jpg;13.009;66;none;mobile
5715_135.2B.jpg;13.403;66;none;mobile
5715_135.2B.jpg;13.926;66;none;mobile
5715_135.2B.jpg;13.164;66;none;mobile
5715_135.2B.jpg;13.131;66;none;mobile
5715_135.2B.jpg;13.091;66;none;mobile
5715_135.2B.jpg;12.968;66;none;mobile
5715_135.2B.jpg;13.266;65;none;mobile
9540_040.4B.jpg;10.809;65;none;mobile
9540_040.4B.jpg;10.701;65;none;mobile
9540_040.4B.jpg;10.808;65;none;mobile
9540_040.4B.jpg;10.734;65;none;mobile
9540_040.4B.jpg;10.832;65;none;mobile
9540_040.4B.jpg;10.944;65;none;mobile
9540_040.4B.jpg;10.776;65;none;mobile
9540_040.4B.jpg;10.523;65;none;mobile
9540_040.4B.jpg;10.692;65;none;mobile
9540_040.4B.jpg;10.57;64;none;mobile
1398_043.2B.jpg;3.69;64;none;mobile
1398_043.2B.jpg;3.637;64;none;mobile
1398_043.2B.jpg;3.624;64;none;mobile
1398_043.2B.jpg;3.629;64;none;mobile
1398_043.2B.jpg;3.581;64;none;mobile
1398_043.2B.jpg;3.75;64;none;mobile
1398_043.2B.jpg;3.659;64;none;mobile
1398_043.2B.jpg;3.76;64;none;mobile
1398_043.2B.jpg;3.739;64;none;mobile
1398_043.2B.jpg;3.686;64;none;mobile
1398_043.2B.jpg;3.644;64;none;mobile
1398_043.2B.jpg;3.674;64;none;mobile
1398_043.2B.jpg;3.702;64;none;mobile
1398_043.2B.jpg;3.751;64;none;mobile
1398_043.2B.jpg;3.634;64;none;mobile
1398_043.2B.jpg;3.688;64;none;mobile
1398_043.2B.jpg;3.761;64;none;mobile
1398_043.2B.jpg;3.634;64;none;mobile
1398_043.2B.jpg;3.688;64;none;mobile
1398_043.2B.jpg;3.7;64;none;mobile
1398_043.2B.jpg;3.63;64;none;mobile
1398_043.2B.jpg;3.668;64;none;mobile
1398_043.2B.jpg;3.647;64;none;mobile
1398_043.2B.jpg;3.687;64;none;mobile
1398_043.2B.jpg;3.698;64;none;mobile
1398_043.2B.jpg;3.691;64;none;mobile
1398_043.2B.jpg;3.615;64;none;mobile
1398_043.2B.jpg;3.63;63;none;mobile
8330_062.3A.jpg;17.419;63;none;mobile
8330_062.3A.jpg;17.292;63;none;mobile
8330_062.3A.jpg;17.234;63;none;mobile
8330_062.3A.jpg;17.216;63;none;mobile
8330_062.3A.jpg;17.087;63;none;mobile
8330_062.3A.jpg;17.278;63;none;mobile
8330_062.3A.jpg;17.089;62;none;mobile
6584_004.2B.jpg;3.605;62;none;mobile
6584_004.2B.jpg;3.604;62;none;mobile
6584_004.2B.jpg;3.537;62;none;mobile
6584_004.2B.jpg;3.632;62;none;mobile
6584_004.2B.jpg;3.661;62;none;mobile
6584_004.2B.jpg;3.614;62;none;mobile
6584_004.2B.jpg;3.675;62;none;mobile
6584_004.2B.jpg;3.692;62;none;mobile
6584_004.2B.jpg;3.721;62;none;mobile
6584_004.2B.jpg;3.728;62;none;mobile
6584_004.2B.jpg;3.606;62;none;mobile
6584_004.2B.jpg;3.666;62;none;mobile
6584_004.2B.jpg;3.668;62;none;mobile
6584_004.2B.jpg;3.64;62;none;mobile
6584_004.2B.jpg;3.701;62;none;mobile
6584_004.2B.jpg;3.644;62;none;mobile
6584_004.2B.jpg;3.624;62;none;mobile
6584_004.2B.jpg;3.623;62;none;mobile
6584_004.2B.jpg;3.65;62;none;mobile
6584_004.2B.jpg;3.636;62;none;mobile
6584_004.2B.jpg;3.748;62;none;mobile
6584_004.2B.jpg;3.619;62;none;mobile
6584_004.2B.jpg;3.728;62;none;mobile
6584_004.2B.jpg;3.6;62;none;mobile
6584_004.2B.jpg;3.704;62;none;mobile
6584_004.2B.jpg;3.689;62;none;mobile
6584_004.2B.jpg;3.789;62;none;mobile
6584_004.2B.jpg;3.64;61;none;mobile
1907_035.2B.jpg;3.598;61;none;mobile
1907_035.2B.jpg;3.603;61;none;mobile
1907_035.2B.jpg;3.55;61;none;mobile
1907_035.2B.jpg;3.658;61;none;mobile
1907_035.2B.jpg;3.633;61;none;mobile
1907_035.2B.jpg;3.617;61;none;mobile
1907_035.2B.jpg;3.6;61;none;mobile
1907_035.2B.jpg;3.541;61;none;mobile
1907_035.2B.jpg;3.721;61;none;mobile
1907_035.2B.jpg;3.682;61;none;mobile
1907_035.2B.jpg;3.59;61;none;mobile
1907_035.2B.jpg;3.605;61;none;mobile
1907_035.2B.jpg;3.585;61;none;mobile
1907_035.2B.jpg;3.542;61;none;mobile
1907_035.2B.jpg;3.637;61;none;mobile
1907_035.2B.jpg;3.603;61;none;mobile
1907_035.2B.jpg;3.689;61;none;mobile
1907_035.2B.jpg;3.692;61;none;mobile
1907_035.2B.jpg;3.645;61;none;mobile
1907_035.2B.jpg;3.57;61;none;mobile
1907_035.2B.jpg;3.541;61;none;mobile
1907_035.2B.jpg;3.551;61;none;mobile
1907_035.2B.jpg;3.579;61;none;mobile
1907_035.2B.jpg;3.595;61;none;mobile
1907_035.2B.jpg;3.544;61;none;mobile
1907_035.2B.jpg;3.567;61;none;mobile
1907_035.2B.jpg;3.529;61;none;mobile
1907_035.2B.jpg;3.568;61;none;mobile
1907_035.2B.jpg;3.637;61;none;mobile
1907_035.2B.jpg;3.537;61;none;mobile
1907_035.2B.jpg;3.692;60;none;mobile
8329_070.3A.jpg;26.884;60;none;mobile
8329_070.3A.jpg;26.482;60;none;mobile
8329_070.3A.jpg;26.377;60;none;mobile
8329_070.3A.jpg;26.518;59;none;mobile
8329_070.3A.jpg;26.756;59;none;mobile
8367_063.3A.jpg;18.598;59;none;mobile
8367_063.3A.jpg;15.536;59;none;mobile
8367_063.3A.jpg;15.692;59;none;mobile
8367_063.3A.jpg;15.406;59;none;mobile
8367_063.3A.jpg;15.28;58;none;mobile
5680_016.2B.jpg;50.067;58;none;mobile
5680_016.2B.jpg;50.146;57;none;mobile
5680_016.2B.jpg;50.426;57;none;mobile
5680_016.2B.jpg;50.434;57;none;mobile
5680_016.2B.jpg;50.772;56;none;mobile
9560_036.4B.jpg;10.765;56;none;mobile
9560_036.4B.jpg;10.721;56;none;mobile
9560_036.4B.jpg;10.564;56;none;mobile
9560_036.4B.jpg;10.422;56;none;mobile
9560_036.4B.jpg;10.628;56;none;mobile
9560_036.4B.jpg;10.826;55;none;mobile
1090_030.2B.jpg;1.827;55;none;mobile
1090_030.2B.jpg;1.729;55;none;mobile
1090_030.2B.jpg;1.731;55;none;mobile
1090_030.2B.jpg;1.748;55;none;mobile
1090_030.2B.jpg;1.784;55;none;mobile
1090_030.2B.jpg;1.81;55;none;mobile
1090_030.2B.jpg;1.845;55;none;mobile
1090_030.2B.jpg;1.796;55;none;mobile
1090_030.2B.jpg;1.772;55;none;mobile
1090_030.2B.jpg;1.773;55;none;mobile
1090_030.2B.jpg;1.776;55;none;mobile
1090_030.2B.jpg;1.845;55;none;mobile
1090_030.2B.jpg;1.791;55;none;mobile
1090_030.2B.jpg;1.771;55;none;mobile
1090_030.2B.jpg;1.811;55;none;mobile
1090_030.2B.jpg;1.784;55;none;mobile
1090_030.2B.jpg;1.755;55;none;mobile
1090_030.2B.jpg;1.738;55;none;mobile
1090_030.2B.jpg;1.831;55;none;mobile
1090_030.2B.jpg;1.75;55;none;mobile
1090_030.2B.jpg;1.74;55;none;mobile
1090_030.2B.jpg;1.831;55;none;mobile
1090_030.2B.jpg;1.749;55;none;mobile
1090_030.2B.jpg;1.84;55;none;mobile
1090_030.2B.jpg;1.803;55;none;mobile
1090_030.2B.jpg;1.767;55;none;mobile
1090_030.2B.jpg;1.79;55;none;mobile
1090_030.2B.jpg;1.798;55;none;mobile
1090_030.2B.jpg;1.832;55;none;mobile
1090_030.2B.jpg;1.803;55;none;mobile
1090_030.2B.jpg;1.748;55;none;mobile
1090_030.2B.jpg;1.817;55;none;mobile
1090_030.2B.jpg;1.814;55;none;mobile
1090_030.2B.jpg;2.03;55;none;mobile
1090_030.2B.jpg;1.701;55;none;mobile
1090_030.2B.jpg;1.757;55;none;mobile
1090_030.2B.jpg;1.813;55;none;mobile
1090_030.2B.jpg;1.75;55;none;mobile
1090_030.2B.jpg;1.771;55;none;mobile
1090_030.2B.jpg;1.781;55;none;mobile
1090_030.2B.jpg;1.728;55;none;mobile
1090_030.2B.jpg;1.755;55;none;mobile
1090_030.2B.jpg;1.814;55;none;mobile
1090_030.2B.jpg;1.812;55;none;mobile
1090_030.2B.jpg;1.797;55;none;mobile
1090_030.2B.jpg;1.79;55;none;mobile
1090_030.2B.jpg;1.782;55;none;mobile
1090_030.2B.jpg;1.77;55;none;mobile
1090_030.2B.jpg;1.793;55;none;mobile
1090_030.2B.jpg;1.754;55;none;mobile
1090_030.2B.jpg;1.775;55;none;mobile
1090_030.2B.jpg;1.749;55;none;mobile
1090_030.2B.jpg;1.756;55;none;mobile
1090_030.2B.jpg;1.731;55;none;mobile
1090_030.2B.jpg;1.738;55;none;mobile
1090_030.2B.jpg;1.806;55;none;mobile
1090_030.2B.jpg;1.791;55;none;mobile
1090_030.2B.jpg;1.802;55;none;mobile
1090_030.2B.jpg;1.678;55;none;mobile
1090_030.2B.jpg;1.77;54;none;mobile
8030_070.2B.jpg;35.175;54;none;mobile
8030_070.2B.jpg;35.194;54;none;mobile
8030_070.2B.jpg;35.241;54;none;mobile
8030_070.2B.jpg;35.212;53;none;mobile
8030_070.2B.jpg;35.087;53;none;mobile
8347_056.3A.jpg;111.934;52;none;mobile
8347_056.3A.jpg;113.04;52;none;mobile
8347_056.3A.jpg;112.015;51;none;mobile
8347_056.3A.jpg;113.357;49;none;mobile
8347_056.3A.jpg;113.252;48;none;mobile
9520_038.4B.jpg;14.064;48;none;mobile
9520_038.4B.jpg;13.729;48;none;mobile
9520_038.4B.jpg;13.71;48;none;mobile
9520_038.4B.jpg;13.571;48;none;mobile
9520_038.4B.jpg;13.738;48;none;mobile
9520_038.4B.jpg;13.687;48;none;mobile
9520_038.4B.jpg;13.941;47;none;mobile
8340_051.3A.jpg;23.303;47;none;mobile
8340_051.3A.jpg;23.586;47;none;mobile
8340_051.3A.jpg;23.377;47;none;mobile
8340_051.3A.jpg;23.782;47;none;mobile
8340_051.3A.jpg;23.337;46;none;mobile
8374_086.3A.jpg;23.879;46;none;mobile
8374_086.3A.jpg;23.878;46;none;mobile
8374_086.3A.jpg;24.02;46;none;mobile
8374_086.3A.jpg;24.235;46;none;mobile
8374_086.3A.jpg;23.936;45;none;mobile
8097_027.2B.jpg;40.954;45;none;mobile
8097_027.2B.jpg;41.574;45;none;mobile
8097_027.2B.jpg;40.926;44;none;mobile
8097_027.2B.jpg;40.876;44;none;mobile
8097_027.2B.jpg;40.518;44;none;mobile
8354_089.3A.jpg;454.993;42;none;mobile
8354_089.3A.jpg;457.711;35;none;mobile
8354_089.3A.jpg;458.335;30;none;mobile
8354_089.3A.jpg;456.774;26;none;mobile
8354_089.3A.jpg;460.626;22;none;mobile
8360_037.3A.jpg;437.516;99;none;mobile
8360_037.3A.jpg;455.659;96;none;mobile
8360_037.3A.jpg;449.228;88;none;mobile
8360_037.3A.jpg;449.497;84;none;mobile
8360_037.3A.jpg;451.154;80;none;mobile
5348_026.2B.jpg;40.781;80;none;mobile
5348_026.2B.jpg;41.233;79;none;mobile
5348_026.2B.jpg;41.703;79;none;mobile
5348_026.2B.jpg;40.144;79;none;mobile
5348_026.2B.jpg;40.86;78;none;mobile
8247_028.2B.jpg;13.215;78;none;mobile
8247_028.2B.jpg;13.17;78;none;mobile
8247_028.2B.jpg;13.243;78;none;mobile
8247_028.2B.jpg;13.11;78;none;mobile
8247_028.2B.jpg;13.089;78;none;mobile
8247_028.2B.jpg;13.22;78;none;mobile
8247_028.2B.jpg;13.035;77;none;mobile
8347_020.3A.jpg;174.707;76;none;mobile
8347_020.3A.jpg;175.825;75;none;mobile
8347_020.3A.jpg;174.244;73;none;mobile
8347_020.3A.jpg;178.392;71;none;mobile
8347_020.3A.jpg;176.258;70;none;mobile
8319_080.3A.jpg;130.634;69;none;mobile
8319_080.3A.jpg;129.863;68;none;mobile
8319_080.3A.jpg;128.693;66;none;mobile
8319_080.3A.jpg;128.081;65;none;mobile
8319_080.3A.jpg;127.603;64;none;mobile
7701_038.2B.jpg;11.176;64;none;mobile
7701_038.2B.jpg;11.125;64;none;mobile
7701_038.2B.jpg;11.131;64;none;mobile
7701_038.2B.jpg;11.224;64;none;mobile
7701_038.2B.jpg;11.378;64;none;mobile
7701_038.2B.jpg;11.414;64;none;mobile
7701_038.2B.jpg;11.242;64;none;mobile
7701_038.2B.jpg;11.291;63;none;mobile
8346_031.3A.jpg;50.015;63;none;mobile
8346_031.3A.jpg;49.575;62;none;mobile
8346_031.3A.jpg;50.059;62;none;mobile
8346_031.3A.jpg;49.66;62;none;mobile
8346_031.3A.jpg;49.865;61;none;mobile
8307_074.3A.jpg;16.61;61;none;mobile
8307_074.3A.jpg;16.514;61;none;mobile
8307_074.3A.jpg;16.788;61;none;mobile
8307_074.3A.jpg;16.737;60;none;mobile
8307_074.3A.jpg;16.841;60;none;mobile
5248_035.2B.jpg;6.812;60;none;mobile
5248_035.2B.jpg;6.868;60;none;mobile
5248_035.2B.jpg;6.773;60;none;mobile
5248_035.2B.jpg;6.834;60;none;mobile
5248_035.2B.jpg;6.8;60;none;mobile
5248_035.2B.jpg;6.774;60;none;mobile
5248_035.2B.jpg;6.832;60;none;mobile
5248_035.2B.jpg;6.818;60;none;mobile
5248_035.2B.jpg;6.765;60;none;mobile
5248_035.2B.jpg;6.816;60;none;mobile
5248_035.2B.jpg;6.796;60;none;mobile
5248_035.2B.jpg;6.806;60;none;mobile
5248_035.2B.jpg;6.852;60;none;mobile
5248_035.2B.jpg;6.823;59;none;mobile
8067_039.2B.jpg;36.782;59;none;mobile
8067_039.2B.jpg;36.879;59;none;mobile
8067_039.2B.jpg;36.789;58;none;mobile
8067_039.2B.jpg;37.11;58;none;mobile
8067_039.2B.jpg;36.941;58;none;mobile
6580_125.2B.jpg;5.931;58;none;mobile
6580_125.2B.jpg;5.906;58;none;mobile
6580_125.2B.jpg;5.865;58;none;mobile
6580_125.2B.jpg;5.901;58;none;mobile
6580_125.2B.jpg;5.855;58;none;mobile
6580_125.2B.jpg;5.893;57;none;mobile
6617_014.2B.jpg;3.89;57;none;mobile
6617_014.2B.jpg;3.86;57;none;mobile
6617_014.2B.jpg;3.908;57;none;mobile
6617_014.2B.jpg;3.903;57;none;mobile
6617_014.2B.jpg;3.857;57;none;mobile
6617_014.2B.jpg;3.871;57;none;mobile
6617_014.2B.jpg;3.933;57;none;mobile
6617_014.2B.jpg;3.906;57;none;mobile
6617_014.2B.jpg;3.781;57;none;mobile
6617_014.2B.jpg;4.187;57;none;mobile
6617_014.2B.jpg;3.749;57;none;mobile
6617_014.2B.jpg;4.51;57;none;mobile
6617_014.2B.jpg;5.254;57;none;mobile
6617_014.2B.jpg;3.997;57;none;mobile
6617_014.2B.jpg;3.915;57;none;mobile
6617_014.2B.jpg;3.96;57;none;mobile
6617_014.2B.jpg;3.943;57;none;mobile
6617_014.2B.jpg;3.862;57;none;mobile
6617_014.2B.jpg;3.947;57;none;mobile
6617_014.2B.jpg;3.877;57;none;mobile
6617_014.2B.jpg;3.906;57;none;mobile
6617_014.2B.jpg;3.892;57;none;mobile
6617_014.2B.jpg;3.874;57;none;mobile
6617_014.2B.jpg;3.88;57;none;mobile
6617_014.2B.jpg;3.919;57;none;mobile
6617_014.2B.jpg;3.86;57;none;mobile
6617_014.2B.jpg;3.875;56;none;mobile
1098_001.2B.jpg;33.8;56;none;mobile
1098_001.2B.jpg;33.831;56;none;mobile
1098_001.2B.jpg;33.575;56;none;mobile
1098_001.2B.jpg;34.326;55;none;mobile
1098_001.2B.jpg;33.73;55;none;mobile
8346_042.3A.jpg;82.115;54;none;mobile
8346_042.3A.jpg;82.214;54;none;mobile
8346_042.3A.jpg;81.854;53;none;mobile
8346_042.3A.jpg;81.743;52;none;mobile
8346_042.3A.jpg;81.104;51;none;mobile
1464_021.2B.jpg;1.909;51;none;mobile
1464_021.2B.jpg;1.945;51;none;mobile
1464_021.2B.jpg;1.913;51;none;mobile
1464_021.2B.jpg;1.91;51;none;mobile
1464_021.2B.jpg;1.912;51;none;mobile
1464_021.2B.jpg;1.962;51;none;mobile
1464_021.2B.jpg;1.967;51;none;mobile
1464_021.2B.jpg;1.935;51;none;mobile
1464_021.2B.jpg;1.989;51;none;mobile
1464_021.2B.jpg;1.94;51;none;mobile
1464_021.2B.jpg;1.967;51;none;mobile
1464_021.2B.jpg;1.941;51;none;mobile
1464_021.2B.jpg;1.924;51;none;mobile
1464_021.2B.jpg;1.903;51;none;mobile
1464_021.2B.jpg;1.955;51;none;mobile
1464_021.2B.jpg;1.923;51;none;mobile
1464_021.2B.jpg;1.901;51;none;mobile
1464_021.2B.jpg;1.908;51;none;mobile
1464_021.2B.jpg;1.923;51;none;mobile
1464_021.2B.jpg;1.919;51;none;mobile
1464_021.2B.jpg;1.936;51;none;mobile
1464_021.2B.jpg;1.899;51;none;mobile
1464_021.2B.jpg;1.927;51;none;mobile
1464_021.2B.jpg;1.881;51;none;mobile
1464_021.2B.jpg;1.88;51;none;mobile
1464_021.2B.jpg;1.964;51;none;mobile
1464_021.2B.jpg;1.943;51;none;mobile
1464_021.2B.jpg;1.948;51;none;mobile
1464_021.2B.jpg;1.89;51;none;mobile
1464_021.2B.jpg;1.904;51;none;mobile
1464_021.2B.jpg;1.929;51;none;mobile
1464_021.2B.jpg;1.919;51;none;mobile
1464_021.2B.jpg;1.901;51;none;mobile
1464_021.2B.jpg;1.935;51;none;mobile
1464_021.2B.jpg;1.938;51;none;mobile
1464_021.2B.jpg;1.929;51;none;mobile
1464_021.2B.jpg;1.927;51;none;mobile
1464_021.2B.jpg;1.93;51;none;mobile
1464_021.2B.jpg;1.929;51;none;mobile
1464_021.2B.jpg;1.936;51;none;mobile
1464_021.2B.jpg;1.922;51;none;mobile
1464_021.2B.jpg;1.91;51;none;mobile
1464_021.2B.jpg;1.935;51;none;mobile
1464_021.2B.jpg;1.965;51;none;mobile
1464_021.2B.jpg;1.949;50;none;mobile
8347_051.3A.jpg;36.677;50;none;mobile
8347_051.3A.jpg;36.011;50;none;mobile
8347_051.3A.jpg;36.182;50;none;mobile
8347_051.3A.jpg;36.934;49;none;mobile
8347_051.3A.jpg;35.907;49;none;mobile
8347_104.3A.jpg;56.81;48;none;mobile
8347_104.3A.jpg;56.845;48;none;mobile
8347_104.3A.jpg;56.185;47;none;mobile
8347_104.3A.jpg;56.287;47;none;mobile
8347_104.3A.jpg;56.234;46;none;mobile
8324_058.3A.jpg;7.965;46;none;mobile
8324_058.3A.jpg;7.973;46;none;mobile
8324_058.3A.jpg;7.956;46;none;mobile
8324_058.3A.jpg;8.072;46;none;mobile
8324_058.3A.jpg;8.225;46;none;mobile
8324_058.3A.jpg;8.152;46;none;mobile
8324_058.3A.jpg;8.109;46;none;mobile
8324_058.3A.jpg;8.187;46;none;mobile
8324_058.3A.jpg;8.134;46;none;mobile
8324_058.3A.jpg;8.129;46;none;mobile
8324_058.3A.jpg;8.154;46;none;mobile
8324_058.3A.jpg;8.198;46;none;mobile
8324_058.3A.jpg;8.259;45;none;mobile
8371_045.3A.jpg;17.693;45;none;mobile
8371_045.3A.jpg;17.773;45;none;mobile
8371_045.3A.jpg;17.653;45;none;mobile
8371_045.3A.jpg;17.657;45;none;mobile
8371_045.3A.jpg;17.857;45;none;mobile
8371_045.3A.jpg;18.027;45;none;mobile
8371_045.3A.jpg;18.018;44;none;mobile
8319_092.3A.jpg;26.088;44;none;mobile
8319_092.3A.jpg;26.291;44;none;mobile
8319_092.3A.jpg;26.334;44;none;mobile
8319_092.3A.jpg;26.135;43;none;mobile
8319_092.3A.jpg;26.05;43;none;mobile
9540_001.4B.jpg;26.198;43;none;mobile
9540_001.4B.jpg;25.803;43;none;mobile
9540_001.4B.jpg;25.723;42;none;mobile
9540_001.4B.jpg;26.171;42;none;mobile
9540_001.4B.jpg;26.325;42;none;mobile
8311_057.3A.jpg;50.558;42;none;mobile
8311_057.3A.jpg;50.734;41;none;mobile
8311_057.3A.jpg;51.466;41;none;mobile
8311_057.3A.jpg;50.025;40;none;mobile
8311_057.3A.jpg;50.65;40;none;mobile
8356_122.3A.jpg;130.819;40;none;mobile
8356_122.3A.jpg;130.18;38;none;mobile
8356_122.3A.jpg;130.639;37;none;mobile
8356_122.3A.jpg;129.936;36;none;mobile
8356_122.3A.jpg;130.141;35;none;mobile
1170_019.2B.jpg;25.387;35;none;mobile
1170_019.2B.jpg;25.346;34;none;mobile
1170_019.2B.jpg;25.425;34;none;mobile
1170_019.2B.jpg;25.71;34;none;mobile
1170_019.2B.jpg;25.292;34;none;mobile
5128_011.2B.jpg;14.849;34;none;mobile
5128_011.2B.jpg;14.888;33;none;mobile
5128_011.2B.jpg;14.874;33;none;mobile
5128_011.2B.jpg;14.805;33;none;mobile
5128_011.2B.jpg;14.797;33;none;mobile
1697_056.2B.jpg;8.236;33;none;mobile
1697_056.2B.jpg;8.318;33;none;mobile
1697_056.2B.jpg;8.273;33;none;mobile
1697_056.2B.jpg;8.28;33;none;mobile
1697_056.2B.jpg;8.228;33;none;mobile
1697_056.2B.jpg;8.375;33;none;mobile
1697_056.2B.jpg;8.222;33;none;mobile
1697_056.2B.jpg;8.369;32;none;mobile
5964_089.2B.jpg;3.275;32;none;mobile
5964_089.2B.jpg;3.231;32;none;mobile
5964_089.2B.jpg;3.26;32;none;mobile
5964_089.2B.jpg;3.29;32;none;mobile
5964_089.2B.jpg;3.229;32;none;mobile
5964_089.2B.jpg;3.275;32;none;mobile
5964_089.2B.jpg;3.244;32;none;mobile
5964_089.2B.jpg;3.307;32;none;mobile
5964_089.2B.jpg;3.226;32;none;mobile
5964_089.2B.jpg;3.304;32;none;mobile
5964_089.2B.jpg;3.262;32;none;mobile
5964_089.2B.jpg;3.239;32;none;mobile
5964_089.2B.jpg;3.277;32;none;mobile
5964_089.2B.jpg;3.258;32;none;mobile
5964_089.2B.jpg;3.268;32;none;mobile
5964_089.2B.jpg;3.261;32;none;mobile
5964_089.2B.jpg;3.269;32;none;mobile
5964_089.2B.jpg;3.354;32;none;mobile
5964_089.2B.jpg;3.253;32;none;mobile
5964_089.2B.jpg;3.278;32;none;mobile
5964_089.2B.jpg;3.28;32;none;mobile
5964_089.2B.jpg;3.265;32;none;mobile
5964_089.2B.jpg;3.247;32;none;mobile
5964_089.2B.jpg;3.28;32;none;mobile
5964_089.2B.jpg;3.262;32;none;mobile
5964_089.2B.jpg;3.226;32;none;mobile
5964_089.2B.jpg;3.227;32;none;mobile
5964_089.2B.jpg;3.229;32;none;mobile
5964_089.2B.jpg;3.222;32;none;mobile
5964_089.2B.jpg;3.228;32;none;mobile
5964_089.2B.jpg;3.249;32;none;mobile
5964_089.2B.jpg;3.23;32;none;mobile
5964_089.2B.jpg;3.289;32;none;mobile
5964_089.2B.jpg;3.247;31;none;mobile
8339_002.3A.jpg;20.972;31;none;mobile
8339_002.3A.jpg;20.738;31;none;mobile
8339_002.3A.jpg;20.816;31;none;mobile
8339_002.3A.jpg;20.973;31;none;mobile
8339_002.3A.jpg;20.874;31;none;mobile
8339_002.3A.jpg;20.833;30;none;mobile
8250_004.2B.jpg;7.144;30;none;mobile
8250_004.2B.jpg;7.167;30;none;mobile
8250_004.2B.jpg;7.173;30;none;mobile
8250_004.2B.jpg;7.131;30;none;mobile
8250_004.2B.jpg;7.105;30;none;mobile
8250_004.2B.jpg;7.075;30;none;mobile
8250_004.2B.jpg;7.076;30;none;mobile
8250_004.2B.jpg;7.002;30;none;mobile
8250_004.2B.jpg;7.121;30;none;mobile
8250_004.2B.jpg;7.208;30;none;mobile
8250_004.2B.jpg;7.197;30;none;mobile
8250_004.2B.jpg;7.271;30;none;mobile
8250_004.2B.jpg;7.144;30;none;mobile
8250_004.2B.jpg;7.2;29;none;mobile
9550_012.4B.jpg;167.422;28;none;mobile
9550_012.4B.jpg;167.735;26;none;mobile
9550_012.4B.jpg;167.181;25;none;mobile
9550_012.4B.jpg;169.017;23;none;mobile
9550_012.4B.jpg;171.895;22;none;mobile
9570_030.4B.jpg;27.777;21;none;mobile
9570_030.4B.jpg;27.965;21;none;mobile
9570_030.4B.jpg;27.699;21;none;mobile
9570_030.4B.jpg;27.916;21;none;mobile
9570_030.4B.jpg;27.82;20;none;mobile
8237_018.2B.jpg;11.645;20;none;mobile
8237_018.2B.jpg;11.537;20;none;mobile
8237_018.2B.jpg;11.644;20;none;mobile
8237_018.2B.jpg;11.543;20;none;mobile
8237_018.2B.jpg;11.608;20;none;mobile
8237_018.2B.jpg;11.506;20;none;mobile
8237_018.2B.jpg;11.542;20;none;mobile
8237_018.2B.jpg;11.596;19;none;mobile
2007_071.2B.jpg;137.035;100;none;mobile
2007_071.2B.jpg;141.239;100;none;mobile
2007_071.2B.jpg;141.747;100;none;mobile
2007_071.2B.jpg;141.227;100;none;mobile
2007_071.2B.jpg;141.714;99;none;mobile
5008_029.2B.jpg;54.317;98;none;mobile
5008_029.2B.jpg;53.77;98;none;mobile
5008_029.2B.jpg;53.994;98;none;mobile
5008_029.2B.jpg;54.002;97;none;mobile
5008_029.2B.jpg;53.788;97;none;mobile
8200_016.2B.jpg;6.506;97;none;mobile
8200_016.2B.jpg;6.657;97;none;mobile
8200_016.2B.jpg;6.548;97;none;mobile
8200_016.2B.jpg;6.531;97;none;mobile
8200_016.2B.jpg;6.5;97;none;mobile
8200_016.2B.jpg;6.548;97;none;mobile
8200_016.2B.jpg;6.55;97;none;mobile
8200_016.2B.jpg;6.531;97;none;mobile
8200_016.2B.jpg;6.528;97;none;mobile
8200_016.2B.jpg;6.539;96;none;mobile
8047_018.2B.jpg;12.552;96;none;mobile
8047_018.2B.jpg;12.765;96;none;mobile
8047_018.2B.jpg;12.773;96;none;mobile
8047_018.2B.jpg;12.856;96;none;mobile
8047_018.2B.jpg;12.616;96;none;mobile
8047_018.2B.jpg;12.814;96;none;mobile
8047_018.2B.jpg;12.744;96;none;mobile
8047_018.2B.jpg;12.761;96;none;mobile
8047_018.2B.jpg;12.775;96;none;mobile
8047_018.2B.jpg;12.814;96;none;mobile
8047_018.2B.jpg;12.759;96;none;mobile
8047_018.2B.jpg;12.82;95;none;mobile
8306_195.3A.jpg;129.655;94;none;mobile
8306_195.3A.jpg;128.298;93;none;mobile
8306_195.3A.jpg;125.957;92;none;mobile
8306_195.3A.jpg;127.568;91;none;mobile
8306_195.3A.jpg;128.587;90;none;mobile
8047_027.2B.jpg;38.582;90;none;mobile
8047_027.2B.jpg;38.305;89;none;mobile
8047_027.2B.jpg;38.97;89;none;mobile
8047_027.2B.jpg;38.619;89;none;mobile
8047_027.2B.jpg;38.242;88;none;mobile
1717_111.2B.jpg;1.951;88;none;mobile
1717_111.2B.jpg;1.955;88;none;mobile
1717_111.2B.jpg;1.981;88;none;mobile
1717_111.2B.jpg;1.945;88;none;mobile
1717_111.2B.jpg;1.978;88;none;mobile
1717_111.2B.jpg;1.946;88;none;mobile
1717_111.2B.jpg;1.897;88;none;mobile
1717_111.2B.jpg;1.929;88;none;mobile
1717_111.2B.jpg;1.987;88;none;mobile
1717_111.2B.jpg;1.97;88;none;mobile
1717_111.2B.jpg;1.932;88;none;mobile
1717_111.2B.jpg;1.934;88;none;mobile
1717_111.2B.jpg;1.997;88;none;mobile
1717_111.2B.jpg;1.925;88;none;mobile
1717_111.2B.jpg;1.931;88;none;mobile
1717_111.2B.jpg;1.966;88;none;mobile
1717_111.2B.jpg;1.938;88;none;mobile
1717_111.2B.jpg;1.927;88;none;mobile
1717_111.2B.jpg;1.931;88;none;mobile
1717_111.2B.jpg;1.934;88;none;mobile
1717_111.2B.jpg;1.969;88;none;mobile
1717_111.2B.jpg;1.911;88;none;mobile
1717_111.2B.jpg;1.932;88;none;mobile
1717_111.2B.jpg;1.887;88;none;mobile
1717_111.2B.jpg;1.894;88;none;mobile
1717_111.2B.jpg;1.931;88;none;mobile
1717_111.2B.jpg;1.922;88;none;mobile
1717_111.2B.jpg;1.948;88;none;mobile
1717_111.2B.jpg;1.922;88;none;mobile
1717_111.2B.jpg;1.918;88;none;mobile
1717_111.2B.jpg;1.91;88;none;mobile
1717_111.2B.jpg;1.902;88;none;mobile
1717_111.2B.jpg;1.937;88;none;mobile
1717_111.2B.jpg;1.944;88;none;mobile
1717_111.2B.jpg;1.909;88;none;mobile
1717_111.2B.jpg;1.929;88;none;mobile
1717_111.2B.jpg;1.974;88;none;mobile
1717_111.2B.jpg;1.992;88;none;mobile
1717_111.2B.jpg;1.91;88;none;mobile
1717_111.2B.jpg;1.933;88;none;mobile
1717_111.2B.jpg;1.961;88;none;mobile
1717_111.2B.jpg;1.923;88;none;mobile
1717_111.2B.jpg;1.974;88;none;mobile
1717_111.2B.jpg;1.954;88;none;mobile
1717_111.2B.jpg;1.961;88;none;mobile
1717_111.2B.jpg;1.912;88;none;mobile
1717_111.2B.jpg;1.923;88;none;mobile
1717_111.2B.jpg;1.941;88;none;mobile
1717_111.2B.jpg;1.934;88;none;mobile
1717_111.2B.jpg;2.028;88;none;mobile
1717_111.2B.jpg;2.803;87;none;mobile
6585_486.2B.jpg;8.777;87;none;mobile
6585_486.2B.jpg;8.274;87;none;mobile
6585_486.2B.jpg;8.094;87;none;mobile
6585_486.2B.jpg;8.719;87;none;mobile
6585_486.2B.jpg;8.689;87;none;mobile
6585_486.2B.jpg;8.698;87;none;mobile
6585_486.2B.jpg;8.425;87;none;mobile
6585_486.2B.jpg;8.43;87;none;mobile
6585_486.2B.jpg;8.484;87;none;mobile
6585_486.2B.jpg;8.43;87;none;mobile
6585_486.2B.jpg;8.341;87;none;mobile
6585_486.2B.jpg;8.45;86;none;mobile
9570_024.4B.jpg;16.902;86;none;mobile
9570_024.4B.jpg;17.287;86;none;mobile
9570_024.4B.jpg;16.35;86;none;mobile
9570_024.4B.jpg;16.736;86;none;mobile
9570_024.4B.jpg;16.764;86;none;mobile
9570_024.4B.jpg;16.507;85;none;mobile
1360_044.2B.jpg;4.668;85;none;mobile
1360_044.2B.jpg;4.588;85;none;mobile
1360_044.2B.jpg;4.638;85;none;mobile
1360_044.2B.jpg;4.586;85;none;mobile
1360_044.2B.jpg;4.715;85;none;mobile
1360_044.2B.jpg;4.635;85;none;mobile
1360_044.2B.jpg;4.63;85;none;mobile
1360_044.2B.jpg;4.602;85;none;mobile
1360_044.2B.jpg;4.646;85;none;mobile
1360_044.2B.jpg;4.592;85;none;mobile
1360_044.2B.jpg;4.655;85;none;mobile
1360_044.2B.jpg;4.609;85;none;mobile
1360_044.2B.jpg;4.613;85;none;mobile
1360_044.2B.jpg;4.595;85;none;mobile
1360_044.2B.jpg;4.579;85;none;mobile
1360_044.2B.jpg;4.729;85;none;mobile
1360_044.2B.jpg;4.606;85;none;mobile
1360_044.2B.jpg;4.72;85;none;mobile
1360_044.2B.jpg;4.584;85;none;mobile
1360_044.2B.jpg;4.661;85;none;mobile
1360_044.2B.jpg;4.6;85;none;mobile
1360_044.2B.jpg;4.622;85;none;mobile
1360_044.2B.jpg;4.611;85;none;mobile
1360_044.2B.jpg;4.674;85;none;mobile
1360_044.2B.jpg;4.638;84;none;mobile
9570_017.4B.jpg;18.056;84;none;mobile
9570_017.4B.jpg;17.875;84;none;mobile
9570_017.4B.jpg;18.019;84;none;mobile
9570_017.4B.jpg;18.104;84;none;mobile
9570_017.4B.jpg;18.172;84;none;mobile
9570_017.4B.jpg;18.142;84;none;mobile
9570_017.4B.jpg;18.119;83;none;mobile
8319_098.3A.jpg;941.599;75;none;mobile
8319_098.3A.jpg;950.731;67;none;mobile
8319_098.3A.jpg;951.795;58;none;mobile
8319_098.3A.jpg;933.141;50;none;mobile
8319_098.3A.jpg;950.187;42;none;mobile
8301_062.3A.jpg;234.192;40;none;mobile
8301_062.3A.jpg;231.25;39;none;mobile
8301_062.3A.jpg;233.267;37;none;mobile
8301_062.3A.jpg;234.881;35;none;mobile
8301_062.3A.jpg;237.61;33;none;mobile
8369_024.3A.jpg;109.152;32;none;mobile
8369_024.3A.jpg;108.509;31;none;mobile
8369_024.3A.jpg;108.287;30;none;mobile
8369_024.3A.jpg;108.347;29;none;mobile
8369_024.3A.jpg;109.077;27;none;mobile
8366_055.3A.jpg;325.403;24;none;mobile
8366_055.3A.jpg;340.619;21;none;mobile
8366_055.3A.jpg;347.67;18;none;mobile
8366_055.3A.jpg;354.165;14;none;mobile
8366_055.3A.jpg;350.958;12;none;mobile
8250_010.2B.jpg;15.728;100;none;mobile
8250_010.2B.jpg;15.629;100;none;mobile
8250_010.2B.jpg;14.869;100;none;mobile
8250_010.2B.jpg;15.418;100;none;mobile
8250_010.2B.jpg;15.485;100;none;mobile
8250_010.2B.jpg;15.847;100;none;mobile
8250_010.2B.jpg;16.049;100;none;mobile
8250_010.2B.jpg;15.755;100;none;mobile
8250_010.2B.jpg;15.791;100;none;mobile
8250_010.2B.jpg;16.077;100;none;mobile
8250_010.2B.jpg;15.488;100;none;mobile
8250_010.2B.jpg;14.7;100;none;mobile
8250_010.2B.jpg;15.486;100;none;mobile
8250_010.2B.jpg;16.089;100;none;mobile
8250_010.2B.jpg;16.208;100;none;mobile
8250_010.2B.jpg;15.899;100;none;mobile
8250_010.2B.jpg;15.952;100;none;mobile
8250_010.2B.jpg;15.986;100;none;mobile
8250_010.2B.jpg;15.894;99;none;mobile
1717_031.2B.jpg;4.056;99;none;mobile
1717_031.2B.jpg;4.071;99;none;mobile
1717_031.2B.jpg;4.046;99;none;mobile
1717_031.2B.jpg;4.082;99;none;mobile
1717_031.2B.jpg;4.07;99;none;mobile
1717_031.2B.jpg;3.937;99;none;mobile
1717_031.2B.jpg;3.954;99;none;mobile
1717_031.2B.jpg;4.002;99;none;mobile
1717_031.2B.jpg;3.971;99;none;mobile
1717_031.2B.jpg;3.921;99;none;mobile
1717_031.2B.jpg;4.073;99;none;mobile
1717_031.2B.jpg;4.02;99;none;mobile
1717_031.2B.jpg;4.042;99;none;mobile
1717_031.2B.jpg;3.981;99;none;mobile
1717_031.2B.jpg;4.044;99;none;mobile
1717_031.2B.jpg;4.005;99;none;mobile
1717_031.2B.jpg;4.029;99;none;mobile
1717_031.2B.jpg;4.028;99;none;mobile
1717_031.2B.jpg;4.023;99;none;mobile
1717_031.2B.jpg;4.03;99;none;mobile
1717_031.2B.jpg;4.038;99;none;mobile
1717_031.2B.jpg;4.069;99;none;mobile
1717_031.2B.jpg;4.075;99;none;mobile
1717_031.2B.jpg;4.032;99;none;mobile
1717_031.2B.jpg;4.013;99;none;mobile
1717_031.2B.jpg;4.019;99;none;mobile
1717_031.2B.jpg;4.045;99;none;mobile
1717_031.2B.jpg;4.073;99;none;mobile
1717_031.2B.jpg;4.054;99;none;mobile
1717_031.2B.jpg;4.072;99;none;mobile
1717_031.2B.jpg;4.084;99;none;mobile
1717_031.2B.jpg;4.076;99;none;mobile
1717_031.2B.jpg;4.039;99;none;mobile
1717_031.2B.jpg;4.025;99;none;mobile
1717_031.2B.jpg;4.058;99;none;mobile
1717_031.2B.jpg;4.004;99;none;mobile
1717_031.2B.jpg;4.083;98;none;mobile
8359_032.3A.jpg;78.885;98;none;mobile
8359_032.3A.jpg;79.657;97;none;mobile
8359_032.3A.jpg;79.217;97;none;mobile
8359_032.3A.jpg;79.918;96;none;mobile
8359_032.3A.jpg;79.852;96;none;mobile
8356_126.3A.jpg;98.652;95;none;mobile
8356_126.3A.jpg;100.522;93;none;mobile
8356_126.3A.jpg;99.249;91;none;mobile
8356_126.3A.jpg;97.832;90;none;mobile
8356_126.3A.jpg;97.96;88;none;mobile
1788_060.2B.jpg;1.908;88;none;mobile
1788_060.2B.jpg;1.888;88;none;mobile
1788_060.2B.jpg;1.894;88;none;mobile
1788_060.2B.jpg;1.898;88;none;mobile
1788_060.2B.jpg;1.889;88;none;mobile
1788_060.2B.jpg;1.912;88;none;mobile
1788_060.2B.jpg;1.922;88;none;mobile
1788_060.2B.jpg;1.894;88;none;mobile
1788_060.2B.jpg;1.874;88;none;mobile
1788_060.2B.jpg;1.884;88;none;mobile
1788_060.2B.jpg;1.908;88;none;mobile
1788_060.2B.jpg;1.89;88;none;mobile
1788_060.2B.jpg;1.875;88;none;mobile
1788_060.2B.jpg;1.961;88;none;mobile
1788_060.2B.jpg;1.892;88;none;mobile
1788_060.2B.jpg;1.935;88;none;mobile
1788_060.2B.jpg;1.942;88;none;mobile
1788_060.2B.jpg;1.891;88;none;mobile
1788_060.2B.jpg;1.953;88;none;mobile
1788_060.2B.jpg;1.934;88;none;mobile
1788_060.2B.jpg;1.944;88;none;mobile
1788_060.2B.jpg;1.911;88;none;mobile
1788_060.2B.jpg;1.931;88;none;mobile
1788_060.2B.jpg;1.961;88;none;mobile
1788_060.2B.jpg;1.964;88;none;mobile
1788_060.2B.jpg;1.893;88;none;mobile
1788_060.2B.jpg;1.915;88;none;mobile
1788_060.2B.jpg;1.875;88;none;mobile
1788_060.2B.jpg;1.901;88;none;mobile
1788_060.2B.jpg;1.908;88;none;mobile
1788_060.2B.jpg;1.903;88;none;mobile
1788_060.2B.jpg;1.908;88;none;mobile
1788_060.2B.jpg;1.954;88;none;mobile
1788_060.2B.jpg;1.893;88;none;mobile
1788_060.2B.jpg;1.909;88;none;mobile
1788_060.2B.jpg;1.91;88;none;mobile
1788_060.2B.jpg;1.884;88;none;mobile
1788_060.2B.jpg;1.915;88;none;mobile
1788_060.2B.jpg;1.825;88;none;mobile
1788_060.2B.jpg;1.975;88;none;mobile
1788_060.2B.jpg;1.895;88;none;mobile
1788_060.2B.jpg;1.952;88;none;mobile
1788_060.2B.jpg;1.919;88;none;mobile
1788_060.2B.jpg;1.917;88;none;mobile
1788_060.2B.jpg;1.872;88;none;mobile
1788_060.2B.jpg;1.923;88;none;mobile
1788_060.2B.jpg;1.859;88;none;mobile
1788_060.2B.jpg;1.907;88;none;mobile
1788_060.2B.jpg;1.901;88;none;mobile
1788_060.2B.jpg;1.874;88;none;mobile
1788_060.2B.jpg;1.923;88;none;mobile
1788_060.2B.jpg;1.954;88;none;mobile
1788_060.2B.jpg;1.929;88;none;mobile
1788_060.2B.jpg;1.901;88;none;mobile
1788_060.2B.jpg;1.963;88;none;mobile
1788_060.2B.jpg;1.925;88;none;mobile
1788_060.2B.jpg;1.904;88;none;mobile
1788_060.2B.jpg;1.883;88;none;mobile
1788_060.2B.jpg;1.922;88;none;mobile
1788_060.2B.jpg;1.914;88;none;mobile
1788_060.2B.jpg;1.872;87;none;mobile
5975_024.2B.jpg;4.328;87;none;mobile
5975_024.2B.jpg;4.355;87;none;mobile
5975_024.2B.jpg;4.388;87;none;mobile
5975_024.2B.jpg;4.356;87;none;mobile
5975_024.2B.jpg;4.313;87;none;mobile
5975_024.2B.jpg;4.374;87;none;mobile
5975_024.2B.jpg;4.403;87;none;mobile
5975_024.2B.jpg;4.298;87;none;mobile
5975_024.2B.jpg;4.361;87;none;mobile
5975_024.2B.jpg;4.283;87;none;mobile
5975_024.2B.jpg;4.229;87;none;mobile
5975_024.2B.jpg;4.241;87;none;mobile
5975_024.2B.jpg;4.224;87;none;mobile
5975_024.2B.jpg;4.247;87;none;mobile
5975_024.2B.jpg;4.271;87;none;mobile
5975_024.2B.jpg;4.276;87;none;mobile
5975_024.2B.jpg;4.285;87;none;mobile
5975_024.2B.jpg;4.282;87;none;mobile
5975_024.2B.jpg;4.283;87;none;mobile
5975_024.2B.jpg;4.302;87;none;mobile
5975_024.2B.jpg;4.332;87;none;mobile
5975_024.2B.jpg;4.269;87;none;mobile
5975_024.2B.jpg;4.286;87;none;mobile
5975_024.2B.jpg;4.32;87;none;mobile
5975_024.2B.jpg;4.355;87;none;mobile
5975_024.2B.jpg;4.346;87;none;mobile
5975_024.2B.jpg;4.301;87;none;mobile
5975_024.2B.jpg;4.323;86;none;mobile
1558_040.2B.jpg;3.149;86;none;mobile
1558_040.2B.jpg;3.147;86;none;mobile
1558_040.2B.jpg;3.146;86;none;mobile
1558_040.2B.jpg;3.177;86;none;mobile
1558_040.2B.jpg;3.17;86;none;mobile
1558_040.2B.jpg;3.13;86;none;mobile
1558_040.2B.jpg;3.162;86;none;mobile
1558_040.2B.jpg;3.14;86;none;mobile
1558_040.2B.jpg;3.174;86;none;mobile
1558_040.2B.jpg;3.075;86;none;mobile
1558_040.2B.jpg;3.073;86;none;mobile
1558_040.2B.jpg;3.067;86;none;mobile
1558_040.2B.jpg;3.108;86;none;mobile
1558_040.2B.jpg;3.118;86;none;mobile
1558_040.2B.jpg;3.078;86;none;mobile
1558_040.2B.jpg;3.103;86;none;mobile
1558_040.2B.jpg;3.046;86;none;mobile
1558_040.2B.jpg;3.139;86;none;mobile
1558_040.2B.jpg;3.064;86;none;mobile
1558_040.2B.jpg;3.13;86;none;mobile
1558_040.2B.jpg;3.112;86;none;mobile
1558_040.2B.jpg;3.119;86;none;mobile
1558_040.2B.jpg;3.085;86;none;mobile
1558_040.2B.jpg;3.108;86;none;mobile
1558_040.2B.jpg;3.127;86;none;mobile
1558_040.2B.jpg;3.167;86;none;mobile
1558_040.2B.jpg;3.124;86;none;mobile
1558_040.2B.jpg;3.12;86;none;mobile
1558_040.2B.jpg;3.158;86;none;mobile
1558_040.2B.jpg;3.157;86;none;mobile
1558_040.2B.jpg;3.146;86;none;mobile
1558_040.2B.jpg;3.163;86;none;mobile
1558_040.2B.jpg;3.146;86;none;mobile
1558_040.2B.jpg;3.163;86;none;mobile
1558_040.2B.jpg;3.149;86;none;mobile
1558_040.2B.jpg;3.11;86;none;mobile
1558_040.2B.jpg;3.208;86;none;mobile
1558_040.2B.jpg;3.14;86;none;mobile
1558_040.2B.jpg;3.117;86;none;mobile
1558_040.2B.jpg;3.158;85;none;mobile
8230_026.2B.jpg;2.917;85;none;mobile
8230_026.2B.jpg;2.936;85;none;mobile
8230_026.2B.jpg;2.919;85;none;mobile
8230_026.2B.jpg;2.911;85;none;mobile
8230_026.2B.jpg;2.938;85;none;mobile
8230_026.2B.jpg;2.895;85;none;mobile
8230_026.2B.jpg;2.952;85;none;mobile
8230_026.2B.jpg;2.881;85;none;mobile
8230_026.2B.jpg;2.944;85;none;mobile
8230_026.2B.jpg;2.902;85;none;mobile
8230_026.2B.jpg;2.956;85;none;mobile
8230_026.2B.jpg;2.911;85;none;mobile
8230_026.2B.jpg;2.898;85;none;mobile
8230_026.2B.jpg;2.872;85;none;mobile
8230_026.2B.jpg;2.911;85;none;mobile
8230_026.2B.jpg;2.914;85;none;mobile
8230_026.2B.jpg;2.923;85;none;mobile
8230_026.2B.jpg;2.936;85;none;mobile
8230_026.2B.jpg;2.872;85;none;mobile
8230_026.2B.jpg;2.858;85;none;mobile
8230_026.2B.jpg;2.944;85;none;mobile
8230_026.2B.jpg;2.881;85;none;mobile
8230_026.2B.jpg;2.942;85;none;mobile
8230_026.2B.jpg;2.901;85;none;mobile
8230_026.2B.jpg;2.941;85;none;mobile
8230_026.2B.jpg;2.913;85;none;mobile
8230_026.2B.jpg;2.93;85;none;mobile
8230_026.2B.jpg;2.902;85;none;mobile
8230_026.2B.jpg;2.93;85;none;mobile
8230_026.2B.jpg;2.922;85;none;mobile
8230_026.2B.jpg;2.868;85;none;mobile
8230_026.2B.jpg;2.903;85;none;mobile
8230_026.2B.jpg;2.877;85;none;mobile
8230_026.2B.jpg;2.912;85;none;mobile
8230_026.2B.jpg;2.886;85;none;mobile
8230_026.2B.jpg;2.883;85;none;mobile
8230_026.2B.jpg;2.92;85;none;mobile
8230_026.2B.jpg;2.92;85;none;mobile
8230_026.2B.jpg;2.929;85;none;mobile
8230_026.2B.jpg;2.913;85;none;mobile
8230_026.2B.jpg;2.925;85;none;mobile
8230_026.2B.jpg;2.929;85;none;mobile
8230_026.2B.jpg;2.915;84;none;mobile
8366_051.3A.jpg;73.993;84;none;mobile
8366_051.3A.jpg;74.77;83;none;mobile
8366_051.3A.jpg;74.699;83;none;mobile
8366_051.3A.jpg;74.143;82;none;mobile
8366_051.3A.jpg;74.687;81;none;mobile
8050_078.2B.jpg;41.171;81;none;mobile
8050_078.2B.jpg;41.531;81;none;mobile
8050_078.2B.jpg;41.727;80;none;mobile
8050_078.2B.jpg;40.729;80;none;mobile
8050_078.2B.jpg;40.585;80;none;mobile
8339_053.3A.jpg;61.095;79;none;mobile
8339_053.3A.jpg;61.248;78;none;mobile
8339_053.3A.jpg;61.769;78;none;mobile
8339_053.3A.jpg;61.517;77;none;mobile
8339_053.3A.jpg;62.098;77;none;mobile
9550_006.4B.jpg;21.553;77;none;mobile
9550_006.4B.jpg;22.303;77;none;mobile
9550_006.4B.jpg;21.737;76;none;mobile
9550_006.4B.jpg;22.193;76;none;mobile
9550_006.4B.jpg;22.277;76;none;mobile
6814_006.2B.jpg;13.282;76;none;mobile
6814_006.2B.jpg;13.34;76;none;mobile
6814_006.2B.jpg;13.27;76;none;mobile
6814_006.2B.jpg;13.295;76;none;mobile
6814_006.2B.jpg;13.126;75;none;mobile
8097_064.2B.jpg;130.053;74;none;mobile
8097_064.2B.jpg;130.262;73;none;mobile
8097_064.2B.jpg;130.836;72;none;mobile
8097_064.2B.jpg;131.832;71;none;mobile
8097_064.2B.jpg;130.395;70;none;mobile
8320_024.3A.jpg;73.198;70;none;mobile
8320_024.3A.jpg;74.037;69;none;mobile
8320_024.3A.jpg;73.121;68;none;mobile
8320_024.3A.jpg;76.573;68;none;mobile
8320_024.3A.jpg;72.049;67;none;mobile
8370_063.3A.jpg;30.912;67;none;mobile
8370_063.3A.jpg;31.306;67;none;mobile
8370_063.3A.jpg;31.238;66;none;mobile
8370_063.3A.jpg;30.901;66;none;mobile
8370_063.3A.jpg;30.796;66;none;mobile
5830_462.2B.jpg;5.484;66;none;mobile
5830_462.2B.jpg;5.501;66;none;mobile
5830_462.2B.jpg;5.49;66;none;mobile
5830_462.2B.jpg;5.463;66;none;mobile
5830_462.2B.jpg;5.482;66;none;mobile
5830_462.2B.jpg;5.53;66;none;mobile
5830_462.2B.jpg;5.516;66;none;mobile
5830_462.2B.jpg;5.498;65;none;mobile
8370_044.3A.jpg;26.583;65;none;mobile
8370_044.3A.jpg;26.626;65;none;mobile
8370_044.3A.jpg;26.694;65;none;mobile
8370_044.3A.jpg;26.05;65;none;mobile
8370_044.3A.jpg;26.043;64;none;mobile
9530_011.4B.jpg;86.986;64;none;mobile
9530_011.4B.jpg;90.035;63;none;mobile
9530_011.4B.jpg;86.442;62;none;mobile
9530_011.4B.jpg;86.106;61;none;mobile
9530_011.4B.jpg;87.856;61;none;mobile
1114_010.2B.jpg;13.103;60;none;mobile
1114_010.2B.jpg;12.974;60;none;mobile
1114_010.2B.jpg;12.81;60;none;mobile
1114_010.2B.jpg;12.88;60;none;mobile
1114_010.2B.jpg;12.836;60;none;mobile
1114_010.2B.jpg;12.231;60;none;mobile
1114_010.2B.jpg;12.822;60;none;mobile
1114_010.2B.jpg;12.108;59;none;mobile
